date,Mkt-RF,SMB,HML,RMW,CMA,RF
2024-07-01,-0.002426,0.00062,-0.00038,0.005647,-0.01078,0.000171
2024-07-02,0.000993,-0.000617,0.004528,-0.000286,0.005497,0.000171
2024-07-03,0.011649,0.006281,-0.00414,0.002,-0.001932,0.000171
2024-07-04,-0.011905,0.003965,-0.000983,0.002249,-0.004162,0.000171
2024-07-05,0.003697,0.00958,-0.002384,0.001886,0.006053,0.000171
2024-07-08,0.006033,0.006631,0.00063,0.003758,0.000595,0.000171
2024-07-09,-0.001577,0.000226,0.005362,0.000201,-0.003599,0.000171
2024-07-10,-0.008614,-0.001874,0.008865,0.003612,0.006136,0.000171
2024-07-11,-0.011372,0.010904,0.004141,-0.000941,-0.004402,0.000171
2024-07-12,0.023437,-0.001368,0.005397,-0.000968,-0.010718,0.000171
2024-07-15,0.002817,0.009947,0.001377,-0.000807,0.000864,0.000171
2024-07-16,0.009977,-0.003298,-0.008554,-0.001732,0.00704,0.000171
2024-07-17,0.008433,0.004613,0.008175,0.000845,-0.000105,0.000171
2024-07-18,0.007428,-0.004695,0.000664,0.004834,0.001897,0.000171
2024-07-19,-0.013894,0.00217,0.002923,0.002456,0.002026,0.000171
2024-07-22,0.007363,-0.000816,-0.000972,0.005836,-0.00362,0.000171
2024-07-23,-0.006919,0.003343,-0.009173,0.005592,-0.004286,0.000171
2024-07-24,-0.004355,-0.008559,-0.004908,-0.002081,0.005962,0.000171
2024-07-25,-0.004024,0.000591,-0.002397,-0.003625,-0.000765,0.000171
2024-07-26,-0.006485,-0.005212,-0.000671,-0.00158,-0.000475,0.000171
2024-07-29,0.004837,0.006121,-0.000616,-0.001339,0.004225,0.000171
2024-07-30,-0.012217,-0.003188,0.001039,-0.00168,0.004169,0.000171
2024-07-31,0.006603,-0.002332,0.000704,0.000525,0.003612,0.000171
2024-08-01,-0.022835,-0.006108,-0.001406,-0.009535,-8.7e-05,0.000171
2024-08-02,-0.009909,0.000175,-0.002722,0.004578,0.003406,0.000171
2024-08-05,-0.008002,-0.006292,0.011326,0.002598,0.000517,0.000171
2024-08-06,0.017424,0.009903,0.006175,-0.00252,0.00147,0.000171
2024-08-07,0.002902,-0.001401,0.005277,0.00069,0.001628,0.000171
2024-08-08,-0.008967,0.001185,0.004718,0.002591,-0.000144,0.000171
2024-08-09,0.009432,0.006451,0.001867,0.004003,-0.003085,0.000171
2024-08-12,-0.002129,0.008309,-0.004274,0.00349,-0.004972,0.000171
2024-08-13,-0.021691,-0.001421,0.000341,-0.005589,-0.004744,0.000171
2024-08-14,-0.018487,-0.005939,-0.007528,-0.011272,-0.001719,0.000171
2024-08-15,-0.001326,0.001685,0.002111,-0.002629,0.001084,0.000171
2024-08-16,-0.004426,-0.002412,0.001421,-0.002883,-0.004173,0.000171
2024-08-19,-0.011082,0.00072,0.011371,-0.003176,-0.000684,0.000171
2024-08-20,-0.000901,-0.003135,0.004638,0.002961,0.000558,0.000171
2024-08-21,-0.010205,0.009312,0.00075,-0.001697,-0.000419,0.000171
2024-08-22,0.001593,-0.001202,-0.008307,-0.002482,-0.002439,0.000171
2024-08-23,-0.011171,-0.003972,-0.00751,0.002247,0.00124,0.000171
2024-08-26,0.010792,-0.001119,-0.0008,0.010539,0.002709,0.000171
2024-08-27,0.015822,0.001256,-0.008511,-0.000961,-0.006659,0.000171
2024-08-28,-0.001549,0.000477,-0.005056,0.00238,-0.005147,0.000171
2024-08-29,0.002505,0.000349,0.001685,0.002764,-5.4e-05,0.000171
2024-08-30,0.018921,-0.005863,-0.010367,-0.000853,-0.003662,0.000171
2024-09-02,-0.00315,-0.007726,0.007353,0.006594,0.006325,0.000171
2024-09-03,-0.004368,0.000252,-0.00224,-0.003547,0.000367,0.000171
2024-09-04,0.013814,-0.006685,-0.00144,0.002711,0.003978,0.000171
2024-09-05,-0.008935,0.005712,0.004795,0.003052,0.00244,0.000171
2024-09-06,0.004903,0.004119,0.008699,0.00516,0.00373,0.000171
2024-09-09,0.00444,0.006648,0.003299,-0.007719,-0.00241,0.000171
2024-09-10,0.003975,0.005108,-0.001697,-0.002636,0.000459,0.000171
2024-09-11,0.005351,-0.000947,-0.005036,0.0026,0.001083,0.000171
2024-09-12,0.017184,-0.00666,0.001736,-0.002603,-0.003753,0.000171
2024-09-13,-0.005712,-0.000553,0.001198,-0.001154,0.000906,0.000171
2024-09-16,0.012624,-0.0009,0.001493,-0.002522,-0.004527,0.000171
2024-09-17,-0.00156,0.005962,0.001249,0.004292,-0.003279,0.000171
2024-09-18,0.002309,-0.000812,-0.004924,-0.006989,0.002749,0.000171
2024-09-19,-0.007671,0.000202,0.001478,-0.003706,0.000627,0.000171
2024-09-20,-0.00054,0.003703,0.001983,0.003467,-0.000897,0.000171
2024-09-23,0.019672,-0.001909,0.003378,-0.000226,-0.010188,0.000171
2024-09-24,-0.000472,-0.004385,-0.006601,-0.003298,-0.001751,0.000171
2024-09-25,-0.014372,0.005013,-0.003137,0.001466,-0.000287,0.000171
2024-09-26,-0.011636,0.002337,-0.001446,0.005324,0.001295,0.000171
2024-09-27,-0.003638,0.002377,-0.003906,-0.001896,0.003012,0.000171
2024-09-30,-0.011367,0.004171,0.001128,-0.001956,0.004135,0.000171
2024-10-01,0.014889,0.000726,-0.001505,-0.001497,-0.002998,0.000171
2024-10-02,0.006778,-0.009735,-0.005924,0.002592,-0.003524,0.000171
2024-10-03,-0.008077,0.005179,0.00272,0.00096,-0.001921,0.000171
2024-10-04,0.003127,0.005322,0.004505,-0.000151,-0.00897,0.000171
2024-10-07,-0.00597,0.00075,0.000305,0.004547,-0.009939,0.000171
2024-10-08,0.010969,0.003229,-0.00673,-0.00569,0.006252,0.000171
2024-10-09,0.011396,0.00646,-0.004881,0.003043,0.003259,0.000171
2024-10-10,0.000386,0.002673,4.8e-05,-0.004491,-0.001489,0.000171
2024-10-11,-0.011768,0.002218,0.005418,0.005281,-0.002722,0.000171
2024-10-14,0.00804,0.009414,0.004941,-0.006492,-0.003696,0.000171
2024-10-15,-0.008942,0.000185,-0.002577,0.003646,6.8e-05,0.000171
2024-10-16,-0.00078,-0.006421,0.002015,-0.003311,-0.005471,0.000171
2024-10-17,0.005844,-0.004652,-0.007207,-0.000636,-0.00141,0.000171
2024-10-18,0.008211,-0.004534,0.005602,0.012031,0.002988,0.000171
2024-10-21,0.017597,-0.005609,0.002473,-0.005947,0.00054,0.000171
2024-10-22,0.003389,-0.00607,-0.002551,0.00218,-0.005063,0.000171
2024-10-23,-0.00015,-0.003223,0.004438,-0.003121,0.004178,0.000171
2024-10-24,-0.008934,-0.00686,-0.003844,-0.007024,0.006219,0.000171
2024-10-25,-0.004996,0.010573,-0.003436,-0.003092,0.005089,0.000171
2024-10-28,0.000739,-0.003417,0.003017,-0.001577,0.005443,0.000171
2024-10-29,0.016438,0.001929,-0.003994,-0.00252,0.000158,0.000171
2024-10-30,-0.002588,0.001087,-0.001006,0.006401,-0.002989,0.000171
2024-10-31,0.011256,-0.010065,-0.000854,0.008339,-0.001517,0.000171
2024-11-01,0.014856,0.005736,0.003362,0.008247,-0.005741,0.000171
2024-11-04,0.014852,-0.000667,-0.000753,0.001101,-0.005644,0.000171
2024-11-05,0.009524,-0.008079,-0.005696,0.001127,-0.000532,0.000171
2024-11-06,-0.000211,0.002733,0.000183,-0.004054,-0.000982,0.000171
2024-11-07,-0.011248,0.001368,-0.006447,-0.000258,-0.00277,0.000171
2024-11-08,0.00758,0.003714,-0.001087,0.005777,-0.003563,0.000171
2024-11-11,0.008523,0.001204,-0.00046,-0.003444,-0.001243,0.000171
2024-11-12,-0.000504,0.007275,0.004321,-0.003736,-0.007433,0.000171
2024-11-13,0.007232,0.003054,0.013951,0.00106,-0.005569,0.000171
2024-11-14,0.004897,0.008014,0.000202,0.006845,-0.003503,0.000171
2024-11-15,0.001999,-0.005153,-0.001753,-0.003,-0.001009,0.000171
2024-11-18,0.021982,0.004803,0.006879,-0.006086,0.003458,0.000171
2024-11-19,-0.008109,0.007558,-0.004595,-0.002016,-0.005118,0.000171
2024-11-20,-0.013995,0.003355,0.00249,0.005754,0.006505,0.000171
2024-11-21,-0.004004,0.002251,-0.005292,-0.00574,0.001424,0.000171
2024-11-22,-0.001988,-0.000957,-0.001764,0.004362,-2.8e-05,0.000171
2024-11-25,0.004991,-0.002629,0.011468,0.002555,0.000574,0.000171
2024-11-26,-0.019522,0.01102,0.011166,0.004473,-0.004341,0.000171
2024-11-27,0.012921,-0.005451,-0.006728,-0.005377,0.002732,0.000171
2024-11-28,-0.001692,0.005888,0.008872,0.002344,0.001624,0.000171
2024-11-29,0.007852,0.003403,-0.000794,-0.002911,0.002381,0.000171
2024-12-02,0.000905,0.001394,-0.001999,-0.001277,0.002283,0.000171
2024-12-03,0.001035,0.000868,0.006311,-0.001803,-0.000591,0.000171
2024-12-04,0.001859,-0.001591,0.010948,-0.000181,0.01133,0.000171
2024-12-05,-0.013374,0.001595,-0.00023,0.002401,0.00232,0.000171
2024-12-06,-2e-05,0.000381,0.00715,-0.001567,0.004,0.000171
2024-12-09,0.015951,0.006505,-0.001287,0.001931,0.004121,0.000171
2024-12-10,-0.001039,0.001092,-0.00151,-0.002961,-0.003789,0.000171
2024-12-11,-0.014973,-0.004362,0.000548,0.003075,-0.001448,0.000171
2024-12-12,-0.003005,-0.00704,0.002388,-0.003823,0.010273,0.000171
2024-12-13,-0.00974,0.003625,-0.004538,-0.00167,-0.007806,0.000171
2024-12-16,-0.014564,-0.009268,0.000928,0.007603,0.000231,0.000171
2024-12-17,0.012479,0.006565,-0.00897,0.005045,0.00452,0.000171
2024-12-18,-0.011424,-0.000607,0.000388,-0.002294,-0.000867,0.000171
2024-12-19,-0.004136,0.005481,-7.2e-05,-0.007164,0.001715,0.000171
2024-12-20,0.009843,-0.006813,0.003394,-0.002249,0.010101,0.000171
2024-12-23,-0.021911,-0.01365,0.004068,-0.001318,0.000773,0.000171
2024-12-24,0.007455,0.006555,0.000714,-0.000755,0.003188,0.000171
2024-12-25,0.008727,-0.005694,-0.001277,-0.003019,-0.000878,0.000171
2024-12-26,0.000509,0.007982,0.006704,-0.000459,-0.005659,0.000171
2024-12-27,-0.006499,0.001335,0.011573,-0.000774,-0.000302,0.000171
2024-12-30,0.011945,0.002367,-9.6e-05,0.006776,0.000475,0.000171
2024-12-31,-0.006291,0.005933,-0.002312,-0.001745,0.000147,0.000171
2025-01-01,0.003989,0.007357,-0.002426,0.003736,-0.00231,0.000171
2025-01-02,-0.021418,0.005859,0.000761,0.000255,-0.000751,0.000171
2025-01-03,0.003365,0.003677,0.007528,-0.000948,0.000851,0.000171
2025-01-06,-0.009928,0.004213,0.003596,-0.001191,-0.00484,0.000171
2025-01-07,0.015547,-0.004892,-0.00038,-0.004497,0.004641,0.000171
2025-01-08,-0.016556,-0.001509,-0.004402,-0.000902,0.004253,0.000171
2025-01-09,-0.001777,-0.002567,0.002934,0.005831,0.001668,0.000171
2025-01-10,0.004916,-0.004896,-0.000969,-0.001396,0.00091,0.000171
2025-01-13,-0.005998,-0.00123,0.006522,-0.004655,0.004675,0.000171
2025-01-14,0.020899,-0.004755,-0.002201,-0.010193,-0.00302,0.000171
2025-01-15,0.007327,0.005457,0.005224,0.003983,-0.000245,0.000171
2025-01-16,0.008197,0.006485,0.003397,-0.004134,0.004008,0.000171
2025-01-17,-0.001684,-0.000174,0.004561,0.006501,9e-05,0.000171
2025-01-20,-0.012068,-0.00611,0.008711,-0.000571,-0.004294,0.000171
2025-01-21,0.01117,0.00478,-0.005628,-0.006267,-0.001243,0.000171
2025-01-22,0.012465,-0.001426,0.0005,-0.002394,0.001548,0.000171
2025-01-23,-0.000474,0.004623,-0.007079,6.8e-05,0.00418,0.000171
2025-01-24,-0.004893,-0.004053,-0.000313,0.000686,-0.005573,0.000171
2025-01-27,0.013486,0.001404,-0.004183,-0.0021,0.004462,0.000171
2025-01-28,0.003749,-0.003494,0.003394,0.000134,-0.003122,0.000171
2025-01-29,0.002736,0.006471,-0.000801,-0.004514,-0.00203,0.000171
2025-01-30,0.003084,-0.001142,-0.004534,-0.003127,-0.000341,0.000171
2025-01-31,0.009683,-0.003584,0.003537,0.003928,-0.004995,0.000171
2025-02-03,-0.012423,-0.00058,-0.005203,0.003644,-0.00404,0.000171
2025-02-04,-0.012986,0.003683,-0.003814,0.000707,-0.0061,0.000171
2025-02-05,0.009005,-0.001846,0.000239,0.005096,0.005263,0.000171
2025-02-06,0.00095,0.00598,0.006577,0.002056,0.005911,0.000171
2025-02-07,0.016707,0.00801,-0.000748,-3.3e-05,0.003085,0.000171
2025-02-10,-0.006106,0.004902,0.00276,0.002309,0.00477,0.000171
2025-02-11,-0.008102,0.003842,0.000169,-0.000545,-0.000189,0.000171
2025-02-12,-0.005671,0.001553,0.001099,0.00019,-0.004559,0.000171
2025-02-13,0.01215,0.006916,-0.011027,0.001112,-0.001838,0.000171
2025-02-14,0.015903,0.004584,0.003896,-0.001136,0.003533,0.000171
2025-02-17,0.005167,-0.001884,-0.007282,0.00225,0.007269,0.000171
2025-02-18,0.009288,-0.006013,-0.001569,-0.003257,0.004713,0.000171
2025-02-19,0.00889,0.00571,-0.001841,0.00081,0.004591,0.000171
2025-02-20,-0.007104,-0.001734,-0.009698,0.005077,0.000819,0.000171
2025-02-21,-0.008642,-0.009402,0.006702,-0.00131,-0.002089,0.000171
2025-02-24,-0.012824,-0.005319,0.002163,0.004071,-0.000819,0.000171
2025-02-25,-0.000677,0.002648,0.006134,0.004432,0.001767,0.000171
2025-02-26,0.01406,0.001925,0.000551,-0.001132,0.000325,0.000171
2025-02-27,-0.016771,0.007414,-0.001156,0.001243,0.005012,0.000171
2025-02-28,0.002824,-0.001031,0.004588,-0.002074,0.001225,0.000171
2025-03-03,-0.000514,0.001617,0.011146,-0.001488,0.005989,0.000171
2025-03-04,-0.0113,-0.004657,-0.004812,-0.007183,-0.003521,0.000171
2025-03-05,0.018215,-0.002002,0.001669,-0.000618,6.3e-05,0.000171
2025-03-06,-0.016587,0.005857,-0.000603,0.000788,0.005578,0.000171
2025-03-07,0.002556,-0.006058,-0.007028,-0.00341,-0.008197,0.000171
2025-03-10,0.011495,-0.007095,-0.000828,0.001139,0.002337,0.000171
2025-03-11,0.007608,0.007894,0.005672,-0.003746,0.005673,0.000171
2025-03-12,-0.015669,-0.001884,0.000688,-0.005213,-0.001724,0.000171
2025-03-13,-0.012372,0.003481,-0.003093,-0.004245,-0.00328,0.000171
2025-03-14,0.01739,-0.001414,-0.001685,0.002257,3.6e-05,0.000171
2025-03-17,-0.012109,-0.00251,0.001216,0.000859,0.010491,0.000171
2025-03-18,-0.004942,0.00194,-0.003586,-0.00428,0.007542,0.000171
2025-03-19,0.001806,0.000146,-0.001325,0.000761,0.001996,0.000171
2025-03-20,0.00498,0.006986,0.006325,0.01114,-0.005767,0.000171
2025-03-21,-0.004987,-0.005637,-0.010668,0.005098,-0.005429,0.000171
2025-03-24,0.002656,0.008807,0.010295,-0.007415,-0.002984,0.000171
2025-03-25,-0.016017,0.002191,-0.002985,0.004686,-0.008115,0.000171
2025-03-26,0.002316,0.004172,0.007783,-0.00203,-0.003582,0.000171
2025-03-27,0.009542,-0.007245,0.008688,-0.004014,-0.002091,0.000171
2025-03-28,0.004522,0.011649,0.002364,0.002756,0.006732,0.000171
2025-03-31,-0.001015,-0.003505,-0.002868,0.004738,-0.000483,0.000171
2025-04-01,0.004624,-0.002808,0.000797,0.001207,0.000435,0.000171
2025-04-02,-0.009109,-0.008017,-0.003538,0.005199,-0.001305,0.000171
2025-04-03,0.009882,-0.000741,3.8e-05,0.006301,-0.000309,0.000171
2025-04-04,-0.017575,-6e-05,0.001519,0.0009,0.001707,0.000171
2025-04-07,-0.000669,0.002456,0.012485,-0.00229,-0.005424,0.000171
2025-04-08,-0.00597,0.005031,0.001507,-0.00139,0.00046,0.000171
2025-04-09,0.000919,-0.001479,-0.003633,-0.008499,-0.002957,0.000171
2025-04-10,-0.000331,-0.005365,-0.002294,-0.001647,-0.002408,0.000171
2025-04-11,-0.007829,-0.00249,0.000239,-0.002263,0.001542,0.000171
2025-04-14,0.024218,0.003377,-0.001636,-0.002351,0.006159,0.000171
2025-04-15,-0.002028,0.006793,0.003604,0.005064,-0.00097,0.000171
2025-04-16,-0.00304,-0.002799,-0.003103,0.000886,-0.003154,0.000171
2025-04-17,0.004741,0.000704,-0.005701,-0.004991,0.004782,0.000171
2025-04-18,-0.000439,0.001269,0.000103,0.005896,-0.004765,0.000171
2025-04-21,-0.009189,0.001532,-0.007825,0.000596,-0.003364,0.000171
2025-04-22,0.001458,0.007615,0.002633,-0.00758,0.004799,0.000171
2025-04-23,0.007079,-0.007224,6e-06,-0.004696,0.00207,0.000171
2025-04-24,-0.010547,0.003526,-0.000959,-0.00317,0.007467,0.000171
2025-04-25,0.008267,-0.004021,0.002505,-0.001689,-0.001479,0.000171
2025-04-28,0.002272,0.007076,0.011855,0.006731,0.002782,0.000171
2025-04-29,0.010605,0.001157,0.00347,-0.000519,0.008542,0.000171
2025-04-30,-0.000871,0.005819,-0.000787,0.000294,-0.002067,0.000171
2025-05-01,-0.015706,0.006042,-0.0013,0.003628,0.001732,0.000171
2025-05-02,0.007787,-0.000658,0.002749,-0.00224,-0.003279,0.000171
2025-05-05,-0.006494,0.013801,-0.002078,0.002457,0.003579,0.000171
2025-05-06,0.007576,0.011424,0.003855,0.004556,-0.000615,0.000171
2025-05-07,0.00431,-0.002055,0.000908,0.006168,0.000261,0.000171
2025-05-08,-0.00744,-0.000921,-0.004377,-0.004807,0.006334,0.000171
2025-05-09,0.00419,0.000762,0.00337,-4.9e-05,0.000786,0.000171
2025-05-12,0.007626,-0.006834,-0.010315,-0.001444,-0.007699,0.000171
2025-05-13,-0.001848,-0.000994,-0.001928,0.00451,0.001415,0.000171
2025-05-14,-0.007621,0.008447,-0.006202,-0.005144,0.007635,0.000171
2025-05-15,-0.010324,-0.00526,-0.000137,-0.001305,0.002217,0.000171
2025-05-16,-0.002369,0.003451,0.001128,0.001419,-0.003008,0.000171
2025-05-19,0.009824,0.011979,0.00836,-0.003708,0.000591,0.000171
2025-05-20,0.005479,-0.001095,-0.001348,-0.004643,0.002904,0.000171
2025-05-21,0.011828,0.007155,-0.011292,-0.002696,-0.006216,0.000171
2025-05-22,-0.005916,-0.00231,7.6e-05,-0.007605,0.00172,0.000171
2025-05-23,-0.006943,0.011075,0.000388,-0.000399,0.000918,0.000171
2025-05-26,-0.003084,0.009787,-0.005823,-0.007035,7.4e-05,0.000171
2025-05-27,-0.002257,0.000175,-0.007072,0.000721,0.006119,0.000171
2025-05-28,-0.006981,-0.004456,-0.000348,0.008216,0.002796,0.000171
2025-05-29,0.009018,-0.001577,-0.007826,0.004177,-0.000652,0.000171
2025-05-30,0.008653,0.003909,-0.000151,-0.001858,-0.000243,0.000171
2025-06-02,0.004433,-0.001712,0.007446,0.001655,-0.004236,0.000171
2025-06-03,0.020741,-0.003867,-0.008851,0.002337,0.006419,0.000171
2025-06-04,-0.00609,-0.009248,0.000539,-0.001092,0.000563,0.000171
2025-06-05,4e-06,0.000823,-0.003118,-0.000526,8.4e-05,0.000171
2025-06-06,-0.006374,-0.008507,-0.006415,0.003287,0.000435,0.000171
2025-06-09,0.000813,0.001877,0.005807,-0.002006,-0.004069,0.000171
2025-06-10,-0.035655,-0.004637,0.00036,-0.009534,0.00036,0.000171
2025-06-11,0.006068,-0.002194,-0.002221,0.00845,-0.000503,0.000171
2025-06-12,0.003912,0.007723,-0.000772,0.000771,0.005077,0.000171
2025-06-13,0.004823,-0.006417,0.001233,-0.01009,0.00106,0.000171
2025-06-16,0.006019,0.008242,0.002226,-0.001048,-0.004356,0.000171
2025-06-17,-0.02462,0.007732,0.005248,0.003108,-0.001935,0.000171
2025-06-18,0.00532,0.005079,0.00807,0.001626,-0.001595,0.000171
2025-06-19,-0.013693,-0.005492,-0.003281,0.002857,0.00449,0.000171
2025-06-20,-0.011076,0.003111,0.008868,0.003603,0.004594,0.000171
2025-06-23,-0.004021,-0.000988,0.001467,0.002866,0.001117,0.000171
2025-06-24,-0.002026,-0.001155,-0.005315,-0.00073,0.001431,0.000171
2025-06-25,-0.012395,-0.007691,-0.00418,-0.007387,0.000421,0.000171
2025-06-26,0.005374,-0.003058,-0.003497,0.009951,0.006249,0.000171
2025-06-27,-0.008022,0.003041,-0.002822,-0.000224,-0.002906,0.000171
2025-06-30,0.005694,-0.005415,-0.007014,-0.009647,-0.006477,0.000171
2025-07-01,0.012876,0.001906,-0.004482,-0.004325,0.00233,0.000171
2025-07-02,0.003727,0.008864,0.007753,0.003265,-0.002305,0.000171
2025-07-03,0.000489,-0.001232,0.000988,-0.002071,0.003044,0.000171
2025-07-04,-0.001804,0.004438,-0.006683,0.002102,-0.003297,0.000171
2025-07-07,0.010798,-0.000137,-0.003097,-0.002798,-0.007398,0.000171
2025-07-08,-0.001851,0.005487,0.003268,0.006591,0.000682,0.000171
2025-07-09,0.001274,-0.001807,-0.001362,0.003522,-0.011195,0.000171
2025-07-10,0.009707,0.003003,-0.003398,-0.002771,-0.000502,0.000171
2025-07-11,-0.013624,0.003643,0.000581,0.000705,-0.005198,0.000171
2025-07-14,0.006106,0.005451,-0.005776,0.000944,0.005771,0.000171
2025-07-15,-0.005913,0.01017,0.00371,-0.000589,-0.002798,0.000171
2025-07-16,-0.006855,-0.005687,0.00487,0.008315,0.003253,0.000171
2025-07-17,0.018675,0.004704,0.002434,0.006291,0.005129,0.000171
2025-07-18,-0.009029,0.001263,0.001744,0.00266,-0.004886,0.000171
2025-07-21,-0.007385,-0.003532,-0.002502,-0.003845,0.000803,0.000171
2025-07-22,-0.01271,-0.000557,0.003366,-0.002397,0.000325,0.000171
2025-07-23,0.013413,0.009739,0.003395,-0.005668,0.001785,0.000171
2025-07-24,-0.001709,0.001704,-0.002007,-0.001848,-0.004964,0.000171
2025-07-25,0.001438,-0.004149,-0.01107,0.003117,0.01247,0.000171
2025-07-28,0.007813,0.008746,-0.004364,0.009346,-0.001501,0.000171
2025-07-29,0.022019,-0.001101,0.000523,0.004904,-0.006327,0.000171
2025-07-30,-0.00476,0.000154,-0.003183,-0.002857,-0.001478,0.000171
2025-07-31,-0.0019,-0.000543,0.017757,0.000456,-0.001378,0.000171
2025-08-01,-0.008006,0.010976,0.002393,0.002501,0.002883,0.000171
2025-08-04,0.013188,-0.009557,0.001969,-0.002996,0.002367,0.000171
2025-08-05,0.006016,0.006353,0.011395,0.003923,0.001489,0.000171
2025-08-06,-0.007958,-0.004667,0.003396,0.001394,0.003755,0.000171
2025-08-07,-0.011935,1.4e-05,-0.001827,-0.001061,0.004651,0.000171
2025-08-08,0.007389,0.006812,0.001006,-0.002636,0.001791,0.000171
2025-08-11,-0.013371,0.001462,-0.008073,-0.001736,-0.005028,0.000171
2025-08-12,-0.001979,0.003427,0.000738,-0.005986,-0.002075,0.000171
2025-08-13,0.016603,0.011345,0.006962,-0.000317,-0.000536,0.000171
2025-08-14,0.006785,-0.007307,0.002997,0.001376,-0.002488,0.000171
2025-08-15,-0.015803,0.003672,0.001861,0.000702,0.002064,0.000171
2025-08-18,0.010124,0.004476,0.000587,-0.00119,0.011919,0.000171
2025-08-19,0.017002,0.000543,0.013308,0.000133,-0.004697,0.000171
2025-08-20,0.013375,0.00455,0.011844,0.001422,0.001423,0.000171
2025-08-21,0.011909,0.000139,0.002166,-0.004812,0.000286,0.000171
2025-08-22,0.007976,0.000973,0.004025,0.000569,0.005164,0.000171
2025-08-25,-0.010206,0.004945,0.003752,0.001691,0.000862,0.000171
2025-08-26,0.01617,-9e-06,0.005861,0.005834,-0.003965,0.000171
2025-08-27,-0.006292,0.00077,-0.003901,0.001802,-0.005174,0.000171
2025-08-28,-0.000658,0.003821,-0.00641,-4.1e-05,-0.002914,0.000171
2025-08-29,0.002953,-0.002216,0.004971,0.001822,-0.000407,0.000171
2025-09-01,0.003184,0.004547,-0.001278,8.5e-05,-0.000786,0.000171
2025-09-02,0.010639,-0.002899,0.002615,-0.005393,-0.002493,0.000171
2025-09-03,0.001958,-2.8e-05,0.000338,0.00269,0.007396,0.000171
2025-09-04,-0.013784,-0.006801,0.001823,-8.2e-05,-0.007305,0.000171
2025-09-05,-0.007593,-0.00445,0.008844,0.006951,0.007197,0.000171
2025-09-08,0.006741,-0.004491,0.001421,0.000803,-0.005315,0.000171
2025-09-09,-0.011956,-0.006624,0.000634,0.003104,-0.00166,0.000171
2025-09-10,-0.004204,0.000821,0.00338,-0.005147,-0.001175,0.000171
2025-09-11,-0.006609,-0.005817,-0.000734,-0.001416,0.003315,0.000171
2025-09-12,0.00452,0.007233,0.005058,-0.003222,0.000797,0.000171
2025-09-15,-0.01347,-0.007176,0.003033,0.007495,0.002882,0.000171
2025-09-16,0.010074,-0.001523,0.006968,-0.001017,-0.002938,0.000171
2025-09-17,0.004837,0.00297,-0.001673,0.001336,0.007293,0.000171
2025-09-18,0.010473,-0.002107,-0.000999,-0.005908,0.003825,0.000171
2025-09-19,0.000811,-0.001211,0.003574,0.001404,0.010524,0.000171
2025-09-22,-0.007422,0.00138,-0.005108,0.002156,0.001484,0.000171
2025-09-23,0.003206,0.00446,-0.001407,-0.007182,-0.0022,0.000171
2025-09-24,-0.031401,0.000778,-0.003341,-0.001392,0.001441,0.000171
2025-09-25,-0.000974,-0.004238,-0.006801,0.000852,-0.00142,0.000171
2025-09-26,-0.004095,0.002884,0.002169,-0.003202,-0.006623,0.000171
2025-09-29,0.000864,-0.007645,0.000612,0.001433,0.007158,0.000171
2025-09-30,-0.018208,-0.002596,-0.00715,-0.003464,-0.002443,0.000171
2025-10-01,-0.000347,0.004158,1.3e-05,-0.007829,-0.000763,0.000171
2025-10-02,0.000443,0.010185,-0.001259,0.003492,0.00591,0.000171
2025-10-03,-0.013311,-0.004765,0.005905,-0.00241,-0.001487,0.000171
2025-10-06,0.001495,0.001808,-0.00029,0.002418,4.8e-05,0.000171
2025-10-07,-0.003473,-0.002706,-0.003874,0.006652,0.00462,0.000171
2025-10-08,0.020886,-0.002117,0.002883,0.000894,0.005857,0.000171
2025-10-09,-0.00729,-0.000541,0.005327,0.005141,0.006145,0.000171
2025-10-10,0.002575,-0.00149,0.00096,-0.002224,-0.000865,0.000171
2025-10-13,0.008954,0.001284,0.005218,0.003233,-0.000348,0.000171
2025-10-14,-0.001478,-0.00585,0.001214,0.002784,0.00107,0.000171
2025-10-15,7.9e-05,-2.2e-05,0.007061,-6.2e-05,-0.0016,0.000171
2025-10-16,-0.006857,0.003971,0.007676,0.001881,-0.001594,0.000171
2025-10-17,0.011861,0.005063,0.003225,-0.002547,0.000658,0.000171
2025-10-20,-0.010721,0.001359,0.00294,0.001336,-0.004582,0.000171
2025-10-21,-0.002541,-0.003548,-0.000437,-0.001351,0.004162,0.000171
2025-10-22,-0.002064,0.009718,0.009048,0.003235,0.001208,0.000171
2025-10-23,0.010457,0.00168,-0.001639,0.00163,-0.004603,0.000171
2025-10-24,0.006338,-0.003853,0.000764,-0.000164,-0.006532,0.000171
2025-10-27,-0.003925,-0.003573,0.000409,-0.004207,-0.000873,0.000171
2025-10-28,-0.010474,0.001216,-0.005188,-0.00171,0.005923,0.000171
2025-10-29,-0.000186,0.000562,0.00667,0.001374,0.002602,0.000171
2025-10-30,0.022012,-0.003356,0.007324,0.000914,-0.002771,0.000171
2025-10-31,0.005971,0.006003,-0.006867,-0.003563,0.000954,0.000171
2025-11-03,-0.000157,-0.000215,0.001876,-0.012126,0.003143,0.000171
2025-11-04,-0.007069,0.001693,0.003636,-0.000807,0.003812,0.000171
2025-11-05,-0.000629,0.001202,-0.005754,0.002724,-0.005347,0.000171
2025-11-06,-0.003646,0.003232,0.00328,0.00345,0.005295,0.000171
2025-11-07,-0.000796,-0.001748,0.007533,-0.005417,0.00051,0.000171
2025-11-10,-0.020265,-0.004761,0.000917,-0.008222,0.006254,0.000171
2025-11-11,-0.005963,0.004601,-0.005927,-0.001926,0.002321,0.000171
2025-11-12,0.024326,-0.002412,0.000267,0.000422,0.007488,0.000171
2025-11-13,0.005637,-0.005385,-0.00564,-0.004724,0.004655,0.000171
2025-11-14,-0.003094,0.002382,0.004967,-0.001515,0.001685,0.000171
2025-11-17,0.005844,0.002263,0.004702,-0.000708,6.9e-05,0.000171
2025-11-18,0.002201,-0.00059,0.000533,-0.004192,-0.004615,0.000171
2025-11-19,-0.000935,-0.000131,0.008541,-0.000189,0.003807,0.000171
2025-11-20,-0.002105,-0.00305,-0.007343,-0.002098,-0.0036,0.000171
2025-11-21,-0.014029,0.000946,0.00412,-0.004465,-0.003814,0.000171
2025-11-24,-0.011032,0.000577,0.007414,0.004034,-0.002828,0.000171
2025-11-25,-0.00274,-0.00684,0.003827,0.000906,-0.000912,0.000171
2025-11-26,-0.010296,0.002254,-0.003726,0.002296,-0.003019,0.000171
2025-11-27,0.014716,-0.001996,0.008131,-0.002158,-0.002116,0.000171
2025-11-28,0.008346,-0.005915,0.002876,0.00028,-0.007044,0.000171
2025-12-01,-0.01034,0.002992,0.001721,0.006197,-0.000731,0.000171
2025-12-02,0.004717,-0.003752,0.006837,-0.000325,-0.001243,0.000171
2025-12-03,-0.012391,-0.003109,-0.006376,-0.003963,0.002095,0.000171
2025-12-04,0.001427,0.000633,-0.01007,-0.00687,0.00667,0.000171
2025-12-05,0.002265,0.002541,-0.005382,-0.001518,0.003212,0.000171
2025-12-08,-0.01754,-0.008541,-0.001572,-0.002306,0.00215,0.000171
2025-12-09,-0.002631,-0.011528,-0.002164,0.002353,-0.008603,0.000171
2025-12-10,-0.002137,-0.004666,0.001292,-0.00032,-0.005336,0.000171
2025-12-11,-0.011607,0.001052,0.0036,-0.004219,0.000739,0.000171
2025-12-12,-0.000979,0.004303,0.0048,-0.004042,-0.000619,0.000171
2025-12-15,-0.016521,-0.001885,-0.001014,0.004336,0.001212,0.000171
2025-12-16,0.024304,0.00678,-0.002044,0.00606,0.002007,0.000171
2025-12-17,-0.002498,0.002352,-2.3e-05,0.002784,0.000837,0.000171
2025-12-18,0.020474,0.000527,-0.001257,0.002189,0.006654,0.000171
2025-12-19,-8e-05,-0.005441,-0.001616,-0.000918,0.000914,0.000171
2025-12-22,0.014804,-0.007488,0.003784,-0.005009,-7.9e-05,0.000171
2025-12-23,0.010525,0.000958,0.006274,-0.000918,-0.001246,0.000171
2025-12-24,0.009883,0.005303,0.000354,-0.000379,-0.002532,0.000171
2025-12-25,-0.011608,0.00901,-0.002598,0.000293,0.003978,0.000171
2025-12-26,0.01261,0.008349,-0.005889,-0.003805,0.000811,0.000171
2025-12-29,-0.011064,-0.001518,0.004919,0.005906,-0.00099,0.000171
2025-12-30,-0.007427,0.011388,-0.007199,-0.006373,-0.001181,0.000171
2025-12-31,-0.018845,-0.002786,0.004971,-0.006959,0.001771,0.000171
2026-01-01,-0.000301,-0.006924,0.007478,0.002577,-0.006746,0.000171
2026-01-02,0.006662,-0.001584,0.011371,-0.002301,0.000781,0.000171
2026-01-05,0.004876,-3.6e-05,0.000565,2.7e-05,-0.001563,0.000171
2026-01-06,-0.01209,0.012274,0.000596,-0.001692,0.004687,0.000171
2026-01-07,0.012261,-0.006017,0.000266,0.001413,-0.009424,0.000171
2026-01-08,0.000242,-0.002984,-0.000219,-0.001226,-0.007953,0.000171
2026-01-09,-0.013989,0.007287,-0.004929,-0.000361,0.003242,0.000171
2026-01-12,-0.008347,-0.003964,0.004271,-0.008261,-0.002205,0.000171
2026-01-13,0.011186,0.000944,0.009882,0.006983,-0.005745,0.000171
2026-01-14,0.003808,0.00016,0.00274,0.004838,-0.000697,0.000171
2026-01-15,-0.005176,-0.006105,0.003728,0.000685,0.000107,0.000171
2026-01-16,-0.007484,0.00032,0.006214,-0.000887,0.003849,0.000171
2026-01-19,-0.020118,-0.00751,0.001412,-0.005581,0.001406,0.000171
2026-01-20,-0.015064,0.000667,-0.00958,0.003459,0.001755,0.000171
2026-01-21,-0.018503,-0.007307,-0.002444,0.000975,-0.005831,0.000171
2026-01-22,0.000122,-0.000243,-0.000281,-0.002834,0.004676,0.000171
2026-01-23,-0.003911,0.003006,-0.00072,-0.005033,0.001516,0.000171
2026-01-26,0.002739,-0.002051,-0.001853,-0.000292,-0.004418,0.000171
2026-01-27,0.003508,0.005735,0.00145,-0.002864,-0.002173,0.000171
2026-01-28,0.012004,-0.006092,-0.002852,-0.003864,0.000918,0.000171
2026-01-29,0.025209,-0.001329,0.001741,-0.002456,-0.004932,0.000171
2026-01-30,0.001613,0.00428,0.002702,-0.003354,-0.006762,0.000171
2026-02-02,0.010935,0.002308,0.00088,-0.001717,0.001477,0.000171
2026-02-03,-0.002074,-0.00616,0.008591,2e-06,-0.0039,0.000171
2026-02-04,0.001227,0.006425,0.004264,0.001537,0.001461,0.000171
2026-02-05,-0.009292,0.003667,-0.003635,0.002775,-0.000815,0.000171
2026-02-06,0.011938,0.007434,-0.00257,0.004575,-0.00235,0.000171
2026-02-09,-0.00177,-0.000805,-0.005158,-0.004103,-0.004349,0.000171
2026-02-10,-0.024207,0.008747,-0.012784,0.007072,-0.002681,0.000171
2026-02-11,0.004043,0.002827,0.002163,-0.00416,-0.009441,0.000171
2026-02-12,-0.012397,0.007829,-0.002813,0.00363,-0.000552,0.000171
2026-02-13,-0.003026,0.001219,0.009424,0.005416,0.006175,0.000171
2026-02-16,-0.012629,-0.002601,-0.004388,0.000977,0.003643,0.000171
2026-02-17,0.001176,0.001493,0.000651,0.000585,0.003144,0.000171
2026-02-18,-0.002554,0.004945,-0.001395,-0.003728,0.001046,0.000171
2026-02-19,-0.004036,0.008956,-0.003119,0.000114,-0.003145,0.000171
2026-02-20,0.000487,-0.009251,0.002991,0.002323,0.000102,0.000171
2026-02-23,0.006559,0.008474,0.005998,0.003373,-0.009978,0.000171
2026-02-24,-0.004077,-0.000932,-0.001341,-0.00014,0.004158,0.000171
2026-02-25,-0.030335,0.002164,-0.00146,-0.003477,0.006232,0.000171
2026-02-26,0.005667,-0.000539,0.000415,0.002226,0.000316,0.000171
2026-02-27,-0.021755,0.003954,0.003256,-0.000885,0.000668,0.000171
2026-03-02,0.005433,0.00603,0.001137,0.001699,-0.002003,0.000171
2026-03-03,0.010413,-0.000234,-0.000197,0.003136,-0.000203,0.000171
2026-03-04,0.007856,0.007295,-0.007604,-0.001982,0.004776,0.000171
2026-03-05,-0.003976,0.002011,0.001257,-0.004224,0.002119,0.000171
2026-03-06,0.001032,-0.000541,-0.004512,-0.002232,0.003949,0.000171
2026-03-09,0.000581,-0.002503,-0.002205,0.003546,0.004335,0.000171
2026-03-10,-0.013775,-0.003412,0.005956,0.003816,0.007944,0.000171
2026-03-11,-0.00945,0.004487,-1.6e-05,-0.006353,0.002078,0.000171
2026-03-12,-0.001168,0.004248,-0.007959,0.003444,-0.005335,0.000171
2026-03-13,0.000679,0.002568,-6e-05,8.1e-05,0.003142,0.000171
2026-03-16,-0.005179,0.002,-0.005345,-9.2e-05,-0.004828,0.000171
2026-03-17,-0.004894,0.007234,7.1e-05,-0.00093,-0.000499,0.000171
2026-03-18,0.006012,-0.009114,0.005922,-0.00243,-0.002261,0.000171
2026-03-19,0.002193,0.000715,-0.004312,-0.00248,0.004907,0.000171
2026-03-20,0.006507,0.004488,-0.004887,0.001061,0.001501,0.000171
2026-03-23,-0.002294,-0.00139,0.00214,0.006629,-0.002011,0.000171
2026-03-24,0.006033,0.006108,-0.004058,-0.002382,0.001047,0.000171
2026-03-25,-0.00024,-0.007353,-0.005258,0.000455,0.003731,0.000171
2026-03-26,-0.011351,0.003041,0.006208,-0.000499,0.000408,0.000171
2026-03-27,-0.00711,-0.002236,0.001972,0.003131,-0.001533,0.000171
2026-03-30,0.000488,0.001633,-0.0002,0.002045,0.003871,0.000171
2026-03-31,-0.003428,-0.008342,-0.004312,0.000348,-0.001413,0.000171
2026-04-01,0.002951,-0.003932,0.000478,0.001142,0.000217,0.000171
2026-04-02,-0.005788,0.000701,0.000464,-0.00803,0.010074,0.000171
2026-04-03,0.006575,0.001309,0.007548,-0.005649,-0.007436,0.000171
2026-04-06,0.018288,-0.001559,-0.001602,-0.003717,-0.005894,0.000171
2026-04-07,-0.000875,0.002973,-0.006279,-0.00158,0.001235,0.000171
2026-04-08,0.019784,0.005081,0.002392,0.00546,0.011274,0.000171
2026-04-09,-0.003117,-0.000819,-3e-06,0.001518,-0.003535,0.000171
2026-04-10,0.002682,-0.002333,0.005533,0.001178,0.005043,0.000171
2026-04-13,0.001526,-0.001003,0.005167,0.001708,0.006361,0.000171
2026-04-14,0.003989,0.001329,-0.002119,0.001565,0.002942,0.000171
2026-04-15,0.006235,0.006057,0.003704,-0.001754,-0.004203,0.000171
2026-04-16,0.003579,0.00555,0.002853,-0.000231,0.006704,0.000171
2026-04-17,0.00359,-0.001185,0.002125,-0.002998,-0.002052,0.000171
2026-04-20,0.014393,0.007897,-0.01088,-0.005982,0.00607,0.000171
2026-04-21,-0.00529,-0.000406,-0.006339,0.004205,-0.001101,0.000171
2026-04-22,0.003523,-0.008546,-0.006711,0.008046,-0.003492,0.000171
2026-04-23,0.001789,0.005806,0.007391,-0.000831,-0.000199,0.000171
2026-04-24,-0.006495,-0.006373,-0.006606,0.002189,0.000668,0.000171
2026-04-27,-0.012653,-0.002004,0.000237,-0.001305,0.003023,0.000171
2026-04-28,0.008828,0.001886,-0.000327,-0.002941,-0.006257,0.000171
2026-04-29,0.007376,0.009443,-0.001263,0.00475,0.002141,0.000171
2026-04-30,0.006331,-0.000767,-0.001475,-0.004057,-0.004033,0.000171
2026-05-01,0.009338,-0.002667,0.003768,-0.009295,0.000519,0.000171
2026-05-04,-0.006443,-0.003748,0.005102,0.000677,0.00045,0.000171
2026-05-05,0.005498,-0.004508,-0.002257,-1.2e-05,0.008843,0.000171
2026-05-06,0.007104,-0.007444,0.002273,-0.000393,-0.008631,0.000171
2026-05-07,-0.003241,-0.00393,-0.001557,0.005728,-0.006841,0.000171
2026-05-08,-0.016573,0.000283,0.003345,0.001752,0.000886,0.000171
2026-05-11,0.002184,-0.001127,0.001357,0.008268,-0.003799,0.000171
2026-05-12,0.002864,0.001087,-0.00946,0.00487,-0.006011,0.000171
2026-05-13,-0.004176,-0.003426,0.013515,-0.000709,0.003083,0.000171
2026-05-14,0.005126,0.003829,0.004634,0.001786,-0.004111,0.000171
2026-05-15,0.010989,-0.006708,-0.007658,0.000544,0.003097,0.000171
2026-05-18,-0.004406,0.001864,0.000583,-0.003397,0.002247,0.000171
2026-05-19,0.021459,0.003279,0.000702,0.001297,-0.004777,0.000171
2026-05-20,-0.010779,-0.003814,-0.006304,0.001016,-0.006741,0.000171
2026-05-21,0.000237,0.008063,-0.000625,0.003453,0.00364,0.000171
2026-05-22,-0.011044,0.002138,0.000745,0.002505,0.000302,0.000171
2026-05-25,-0.000674,0.003147,-0.001353,0.0026,7.6e-05,0.000171
2026-05-26,0.001999,0.003618,-0.003586,0.002378,0.003938,0.000171
2026-05-27,-0.010113,0.002023,0.005485,0.000655,0.00084,0.000171
2026-05-28,0.009574,6.7e-05,-0.004889,0.002143,-0.000977,0.000171
2026-05-29,0.00226,0.003974,-0.000709,0.000256,0.001837,0.000171
2026-06-01,0.004924,-0.002392,-0.006468,-0.005103,0.010809,0.000171
2026-06-02,0.006352,-0.002557,-0.006795,-0.001387,0.007576,0.000171
2026-06-03,0.012992,-9.7e-05,0.005445,-0.001125,-0.005251,0.000171
2026-06-04,-0.012024,-0.007554,0.005222,0.000454,0.002269,0.000171
2026-06-05,-0.003589,0.002523,0.002269,0.006865,-0.003211,0.000171
2026-06-08,0.005901,-0.012822,0.00059,-0.000555,0.001019,0.000171
2026-06-09,0.003157,0.009767,0.005522,-0.004383,0.002683,0.000171
2026-06-10,0.007539,-0.00029,-0.005687,-0.000741,-0.00589,0.000171
2026-06-11,0.000743,0.002455,0.001326,-0.000406,-0.00119,0.000171
2026-06-12,-0.010777,-0.000364,0.001373,0.007095,0.004888,0.000171
2026-06-15,-0.002919,0.002254,0.007608,-0.003789,-0.002428,0.000171
2026-06-16,0.010889,0.001332,-0.005834,0.002952,0.007523,0.000171
2026-06-17,0.008456,0.006715,0.002885,-0.002598,-0.003488,0.000171
2026-06-18,0.027992,0.002163,-0.000102,0.001234,0.004769,0.000171
2026-06-19,0.008549,-0.000519,-0.003584,0.007663,0.004244,0.000171
2026-06-22,0.000802,-0.005242,-7.8e-05,0.007271,-0.001515,0.000171
2026-06-23,0.001434,-0.000181,-0.006764,0.000879,0.00039,0.000171
2026-06-24,-0.006257,0.000269,0.009183,-0.002116,0.000732,0.000171
2026-06-25,-0.002538,0.003621,-0.007659,0.004277,0.000568,0.000171
2026-06-26,0.005813,-0.009205,0.002818,-0.003251,0.00399,0.000171
2026-06-29,-0.001371,0.002265,-0.006427,-0.000204,-0.011249,0.000171
2026-06-30,-0.015766,0.005505,-0.003891,0.002507,-0.008193,0.000171
